node_1,node_2,weight
1,2,12
1,3,12
1,4,12
1,8,1
1,10,1
1,719,1
2,3,12
2,4,12
2,8,1
2,10,6
3,4,12
5,6,12
5,7,12
5,51,6
5,52,1
5,782,1
6,7,12
6,8,3
6,10,3
6,52,1
7,315,4
8,9,12
8,10,12
8,11,12
8,21,4
8,29,5
8,31,5
8,52,1
8,83,4
8,491,1
9,10,12
9,11,12
9,52,1
10,11,12
10,21,7
10,29,2
10,31,4
10,488,3
10,491,1
12,13,12
12,14,12
12,15,12
12,16,12
12,17,12
12,18,12
12,19,12
12,20,12
12,21,12
12,22,12
12,23,12
12,371,6
12,709,4
12,867,3
13,14,12
13,15,12
13,16,12
13,17,12
13,18,12
13,19,12
13,20,12
13,21,12
13,22,12
13,23,12
14,15,12
14,16,12
14,17,12
14,18,12
14,19,12
14,20,12
14,21,12
14,22,12
14,23,12
15,16,12
15,17,12
15,18,12
15,19,12
15,20,12
15,21,12
15,22,12
15,23,12
16,17,12
16,18,12
16,19,12
16,20,12
16,21,12
16,22,12
16,23,12
17,18,12
17,19,12
17,20,12
17,21,12
17,22,12
17,23,12
17,346,2
18,19,12
18,20,12
18,21,12
18,22,12
18,23,12
19,20,12
19,21,12
19,22,12
19,23,12
20,21,12
20,22,12
20,23,12
20,709,3
20,988,1
21,22,12
21,23,12
22,23,12
23,511,1
23,512,4
24,25,12
24,26,12
24,27,12
24,31,2
24,39,6
24,40,1
24,43,4
24,51,4
24,52,1
24,54,1
24,305,1
24,621,3
24,661,2
25,26,12
25,27,12
25,32,5
25,39,3
25,40,5
25,51,2
25,52,2
25,54,1
25,622,2
26,27,12
26,31,1
26,32,2
26,39,5
26,40,2
26,51,1
26,52,2
26,54,6
26,622,3
28,29,12
28,30,12
28,1041,1
29,30,12
29,52,5
31,32,12
31,33,12
31,34,12
31,35,12
31,51,1
31,113,2
31,523,1
31,1092,1
32,33,12
32,34,12
32,35,12
32,113,8
33,34,12
33,35,12
34,35,12
35,64,4
36,37,12
36,38,12
36,39,12
36,40,12
36,41,12
36,42,12
36,43,12
36,44,12
36,50,8
36,190,7
36,441,3
36,621,3
36,753,2
36,1040,3
36,1065,8
36,1094,1
37,38,12
37,39,12
37,40,12
37,41,12
37,42,12
37,43,12
37,44,12
37,50,8
37,622,3
37,1065,4
37,1066,11
38,39,12
38,40,12
38,41,12
38,42,12
38,43,12
38,44,12
39,40,12
39,41,12
39,42,12
39,43,12
39,44,12
39,50,8
39,621,1
39,740,2
39,1065,8
40,41,12
40,42,12
40,43,12
40,44,12
41,42,12
41,43,12
41,44,12
42,43,12
42,44,12
43,44,12
43,51,1
43,52,1
45,46,12
45,47,12
45,48,12
45,49,12
45,50,12
45,52,1
46,47,12
46,48,12
46,49,12
46,50,12
46,52,1
46,54,6
47,48,12
47,49,12
47,50,12
48,49,12
48,50,12
49,50,12
49,52,2
51,52,12
51,53,12
51,55,3
51,59,6
51,61,2
51,210,1
51,716,5
51,867,6
51,983,1
52,53,12
52,54,6
52,56,9
52,60,2
52,61,2
52,77,2
52,135,1
52,210,1
52,251,1
52,524,2
52,554,1
52,611,1
52,716,1
52,823,1
54,55,12
54,56,12
54,57,12
54,58,12
54,59,12
54,60,12
54,61,5
54,76,2
54,77,8
54,661,4
54,1030,7
55,56,12
55,57,12
55,58,12
55,59,12
55,60,12
55,76,3
55,79,7
55,661,3
55,699,4
55,729,5
55,1116,4
56,57,12
56,58,12
56,59,12
56,60,12
56,61,2
56,76,2
56,77,5
56,78,8
56,1029,1
56,1030,1
57,58,12
57,59,12
57,60,12
58,59,12
58,60,12
59,60,12
59,76,5
59,1029,2
59,1116,3
59,1117,1
60,661,1
60,662,2
60,699,1
60,729,2
60,730,3
60,1117,5
61,62,4
61,63,6
61,64,2
62,63,12
62,64,12
62,65,12
62,66,12
62,70,1
62,74,1
62,503,5
62,515,1
62,523,4
62,622,2
62,623,1
62,626,1
62,671,1
62,672,2
62,749,1
62,900,1
62,946,1
62,954,4
62,1060,1
63,64,12
63,65,12
63,66,12
63,70,1
63,74,1
63,178,2
63,524,3
63,622,8
63,623,1
63,672,2
63,840,1
63,954,2
63,1061,1
64,65,12
64,66,12
64,70,2
64,74,1
64,178,1
64,622,4
64,623,1
64,668,5
64,840,1
64,954,1
64,1061,1
65,66,12
67,68,12
67,69,12
67,335,3
67,487,8
67,515,3
68,69,12
68,319,3
69,473,1
69,500,1
70,71,12
70,72,12
70,73,12
70,315,1
70,329,6
71,72,12
71,73,12
71,88,8
72,73,12
74,75,12
74,76,6
74,77,3
74,1115,2
75,76,1
75,79,3
75,335,5
76,77,12
76,78,12
76,79,12
76,80,12
76,81,12
76,82,1
76,83,1
76,88,3
76,96,1
76,99,3
76,178,1
76,624,1
76,661,1
76,666,1
76,716,1
76,954,1
77,78,12
77,79,12
77,80,12
77,81,12
77,88,10
77,100,5
77,184,1
77,624,2
77,625,6
78,79,12
78,80,12
78,81,12
78,100,10
78,661,1
78,662,6
79,80,12
79,81,12
79,99,8
79,661,6
80,81,12
80,84,8
82,83,12
82,84,12
82,85,12
82,86,12
82,87,8
82,91,1
82,108,10
82,114,7
82,122,11
82,164,6
82,1065,5
82,1160,6
83,84,12
83,85,12
83,86,12
83,88,11
83,123,10
83,124,8
83,129,10
83,136,8
83,318,1
83,726,1
83,1066,1
84,85,12
84,86,12
84,88,8
84,124,5
84,166,10
85,86,12
87,88,12
87,89,12
87,90,12
87,91,1
87,92,2
87,122,8
87,164,10
87,568,3
87,1065,1
88,89,12
88,90,12
88,123,3
88,124,6
88,302,5
88,568,1
89,90,12
91,92,12
91,93,12
91,94,12
91,95,12
91,96,12
91,97,12
91,1066,2
92,93,12
92,94,12
92,95,12
92,96,12
92,97,12
92,470,5
93,94,12
93,95,12
93,96,12
93,97,12
94,95,12
94,96,12
94,97,12
95,96,12
95,97,12
96,97,12
96,457,3
96,458,1
97,1065,1
99,100,12
99,101,12
99,102,12
99,103,12
99,104,12
99,105,12
99,106,12
99,107,12
99,215,7
99,387,1
99,423,6
99,505,1
99,1103,2
99,1104,2
99,1111,1
100,101,12
100,102,12
100,103,12
100,104,12
100,105,12
100,106,12
100,107,12
100,473,1
100,474,5
100,1112,1
100,1115,2
101,102,12
101,103,12
101,104,12
101,105,12
101,106,12
101,107,12
102,103,12
102,104,12
102,105,12
102,106,12
102,107,12
103,104,12
103,105,12
103,106,12
103,107,12
104,105,12
104,106,12
104,107,12
105,106,12
105,107,12
106,107,12
108,109,12
108,110,12
108,111,12
108,112,12
108,122,10
108,123,1
108,124,1
108,128,8
108,357,5
108,367,8
109,110,12
109,111,12
109,112,12
109,113,8
109,123,10
109,124,6
109,128,1
109,129,7
109,136,8
109,165,2
109,309,5
109,357,6
109,358,4
110,111,12
110,112,12
111,112,12
113,114,12
113,115,12
113,126,10
113,139,1
113,754,6
113,757,1
113,1115,1
114,115,12
114,122,3
116,117,12
116,118,12
116,119,12
116,120,12
116,121,12
116,165,2
116,166,2
117,118,12
117,119,12
117,120,12
117,121,12
118,119,12
118,120,12
118,121,12
118,166,1
119,120,12
119,121,12
120,121,12
122,123,12
122,124,12
122,128,8
122,182,9
122,287,3
123,124,12
123,136,6
123,164,1
123,165,7
124,164,1
125,126,12
125,127,12
125,164,4
125,166,2
126,127,12
126,165,3
128,129,12
128,130,12
128,131,12
128,132,12
128,133,12
128,134,12
129,130,12
129,131,12
129,132,12
129,133,12
129,134,12
130,131,12
130,132,12
130,133,12
130,134,12
131,132,12
131,133,12
131,134,12
132,133,12
132,134,12
133,134,12
135,136,12
135,137,12
135,138,12
135,357,1
135,371,1
135,487,1
136,137,12
136,138,12
136,161,1
136,162,4
136,949,1
136,955,5
136,1100,2
137,138,12
137,487,1
137,525,3
137,564,1
139,140,12
139,141,12
139,142,12
139,143,12
139,144,12
139,145,12
139,146,12
139,147,12
139,148,12
140,141,12
140,142,12
140,143,12
140,144,12
140,145,12
140,146,12
140,147,12
140,148,12
141,142,12
141,143,12
141,144,12
141,145,12
141,146,12
141,147,12
141,148,12
142,143,12
142,144,12
142,145,12
142,146,12
142,147,12
142,148,12
143,144,12
143,145,12
143,146,12
143,147,12
143,148,12
144,145,12
144,146,12
144,147,12
144,148,12
145,146,12
145,147,12
145,148,12
146,147,12
146,148,12
147,148,12
149,150,12
149,151,12
149,152,12
149,153,12
149,154,12
149,155,12
149,156,12
149,157,12
149,158,12
149,159,12
149,160,12
149,1107,6
150,151,12
150,152,12
150,153,12
150,154,12
150,155,12
150,156,12
150,157,12
150,158,12
150,159,12
150,160,12
150,458,5
150,474,1
151,152,12
151,153,12
151,154,12
151,155,12
151,156,12
151,157,12
151,158,12
151,159,12
151,160,12
152,153,12
152,154,12
152,155,12
152,156,12
152,157,12
152,158,12
152,159,12
152,160,12
153,154,12
153,155,12
153,156,12
153,157,12
153,158,12
153,159,12
153,160,12
153,458,2
154,155,12
154,156,12
154,157,12
154,158,12
154,159,12
154,160,12
155,156,12
155,157,12
155,158,12
155,159,12
155,160,12
156,157,12
156,158,12
156,159,12
156,160,12
157,158,12
157,159,12
157,160,12
158,159,12
158,160,12
159,160,12
161,162,12
161,163,12
161,503,3
161,504,5
162,163,12
164,165,12
164,166,12
164,167,12
164,168,12
164,169,12
164,183,3
164,186,2
164,301,4
164,358,1
164,627,2
164,1136,3
164,1152,4
165,166,12
165,167,12
165,168,12
165,169,12
165,184,8
165,185,2
166,167,12
166,168,12
166,169,12
166,183,2
166,185,1
166,186,1
166,232,1
166,363,1
166,697,4
166,734,2
167,168,12
167,169,12
168,169,12
170,171,12
170,172,12
170,173,12
170,174,12
170,175,12
170,176,12
171,172,12
171,173,12
171,174,12
171,175,12
171,176,12
172,173,12
172,174,12
172,175,12
172,176,12
173,174,12
173,175,12
173,176,12
174,175,12
174,176,12
175,176,12
178,179,12
178,180,12
178,181,12
178,182,12
178,200,2
178,207,1
178,247,1
178,248,2
178,268,3
178,277,1
178,503,3
178,505,2
178,648,1
178,965,1
178,984,1
178,1034,4
178,1036,4
178,1065,1
179,180,12
179,181,12
179,182,12
179,248,2
179,492,2
180,181,12
180,182,12
181,182,12
183,184,12
183,185,12
183,186,12
183,187,12
183,188,12
183,189,12
183,199,6
183,207,7
183,268,3
183,277,3
183,487,1
183,491,6
183,511,7
184,185,12
184,186,12
184,187,12
184,188,12
184,189,12
184,200,6
184,207,1
184,491,3
184,492,2
184,689,2
185,186,12
185,187,12
185,188,12
185,189,12
185,200,6
185,207,3
185,491,3
185,689,2
185,690,2
186,187,12
186,188,12
186,189,12
186,200,6
186,207,3
186,208,1
186,302,2
186,491,4
186,492,1
187,188,12
187,189,12
188,189,12
188,268,2
188,299,2
189,1013,1
189,1018,1
189,1019,1
189,1092,1
190,191,12
190,193,5
190,762,10
190,763,8
191,762,2
191,763,3
192,193,12
192,194,12
192,195,12
192,305,5
192,403,6
192,407,2
192,409,5
192,487,5
193,194,12
193,195,12
193,242,1
193,243,1
193,244,1
194,195,12
196,197,12
196,198,12
196,199,1
196,200,1
196,238,9
196,239,1
196,242,4
196,243,2
196,244,5
196,268,1
197,198,12
197,242,1
197,243,1
197,244,1
199,200,12
199,201,12
199,202,12
199,203,3
199,207,3
199,208,2
199,209,2
199,268,2
199,292,7
199,299,6
199,301,2
199,487,2
199,491,2
199,689,2
199,690,2
199,1152,2
200,201,12
200,202,12
200,203,3
200,208,7
200,209,5
200,479,1
200,488,6
200,491,2
200,492,5
200,689,2
200,690,5
200,1152,1
201,202,12
202,536,1
203,204,12
203,205,12
203,206,12
203,207,4
203,208,2
203,209,2
204,205,12
204,206,12
205,206,12
207,208,12
207,209,12
207,488,2
207,491,6
207,492,1
207,515,1
207,516,1
207,557,2
207,689,3
207,954,4
208,209,12
208,488,2
208,491,1
208,492,4
208,689,3
208,690,4
209,211,1
209,220,1
209,491,5
209,689,5
210,211,12
210,212,12
210,213,12
210,214,12
210,216,1
210,500,3
211,212,12
211,213,12
211,214,12
211,216,6
212,213,12
212,214,12
213,214,12
215,216,12
215,217,12
215,218,12
215,219,3
215,223,2
215,227,5
215,419,5
215,423,10
215,424,9
215,505,3
216,217,12
216,218,12
216,219,1
216,220,6
216,223,1
216,224,6
216,226,2
216,227,2
216,228,5
216,506,1
216,1185,1
216,1186,2
216,1190,2
217,218,12
219,220,12
219,221,12
219,222,12
219,1106,5
219,1107,6
220,221,12
220,222,12
220,1106,2
221,222,12
223,224,12
223,225,12
223,226,12
223,1106,3
223,1107,4
224,225,12
224,226,12
224,1106,1
225,226,12
227,228,12
227,229,12
227,230,12
227,324,1
227,334,1
228,229,12
228,230,12
228,347,1
229,230,12
231,232,12
231,233,12
231,268,1
231,461,4
231,462,2
231,465,3
231,466,2
231,473,2
231,474,2
231,493,6
231,494,10
231,1034,1
231,1106,4
231,1107,3
231,1112,1
232,233,12
232,461,1
232,462,2
232,466,2
232,1106,3
232,1107,1
232,1112,1
233,461,3
234,235,12
234,236,12
234,237,12
234,277,4
234,280,1
234,916,4
235,236,12
235,237,12
235,248,2
235,280,3
236,237,12
236,280,1
238,239,12
238,240,12
238,241,12
238,242,12
238,243,12
238,244,12
238,254,10
238,268,5
238,269,1
238,292,7
238,293,1
238,299,10
239,240,12
239,241,12
239,242,12
239,243,12
239,244,12
239,254,1
239,255,7
239,258,4
239,269,8
239,293,3
239,686,1
239,688,1
240,241,12
240,242,12
240,243,12
240,244,12
241,242,12
241,243,12
241,244,12
241,257,2
241,258,2
242,243,12
242,244,12
242,255,7
242,258,6
242,269,6
242,293,4
242,1066,1
243,244,12
243,251,1
243,255,8
243,258,7
243,269,5
243,688,1
243,1088,1
243,1168,1
244,255,7
244,258,6
244,269,6
244,293,1
244,1066,1
245,246,12
245,247,6
245,248,2
245,292,2
245,499,1
246,247,4
246,248,2
246,278,6
246,292,2
247,248,12
247,249,12
247,250,12
247,251,7
247,252,1
247,253,3
247,254,1
247,277,1
247,292,1
247,632,1
247,1152,3
248,249,12
248,250,12
248,251,1
248,252,6
248,255,2
248,278,1
248,716,1
248,954,1
248,1066,2
248,1153,1
249,250,12
249,301,1
249,740,2
249,793,8
250,716,1
251,252,12
251,253,12
252,253,12
254,255,12
254,256,12
254,257,4
254,258,9
254,268,1
254,269,3
254,293,1
254,301,2
255,256,12
255,269,5
255,293,8
256,269,1
257,258,12
257,259,12
257,260,5
257,268,4
257,269,1
257,283,1
257,308,5
257,712,1
257,823,1
258,259,12
258,260,2
258,268,10
258,269,3
258,308,1
260,261,12
260,262,12
260,263,12
261,262,12
261,263,12
262,263,12
264,265,12
264,266,12
264,267,12
265,266,12
265,267,12
265,465,4
266,267,12
267,280,1
268,269,12
268,270,12
268,271,12
268,272,12
268,273,12
268,274,12
268,275,12
268,276,12
268,292,1
268,293,1
268,299,8
268,301,6
268,308,2
268,716,2
269,270,12
269,271,12
269,272,12
269,273,12
269,274,12
269,275,12
269,276,12
269,278,3
269,292,2
269,293,8
269,299,1
269,300,2
269,466,1
269,851,2
270,271,12
270,272,12
270,273,12
270,274,12
270,275,12
270,276,12
271,272,12
271,273,12
271,274,12
271,275,12
271,276,12
272,273,12
272,274,12
272,275,12
272,276,12
273,274,12
273,275,12
273,276,12
274,275,12
274,276,12
274,1092,1
275,276,12
277,278,12
277,279,12
277,280,12
277,281,12
277,282,12
277,283,3
277,284,1
277,287,2
277,699,5
278,279,12
278,280,12
278,281,12
278,282,12
278,284,7
278,287,7
279,280,12
279,281,12
279,282,12
280,281,12
280,282,12
280,283,1
280,284,2
280,287,1
280,290,3
280,350,2
280,518,1
280,519,2
280,1197,2
281,282,12
283,284,12
283,285,12
283,286,12
283,457,1
284,285,12
284,286,12
284,324,1
285,286,12
287,288,12
287,289,12
287,290,12
287,346,1
287,515,6
288,289,12
288,290,12
288,300,3
288,515,2
289,290,12
292,293,12
292,309,1
292,313,2
292,314,2
292,315,2
292,386,3
292,621,2
292,661,4
292,716,4
292,1036,3
293,309,4
293,314,9
293,661,2
293,662,1
293,738,2
293,916,1
293,917,4
294,295,12
294,296,12
294,297,12
294,298,12
294,313,1
295,296,12
295,297,12
295,298,12
296,297,12
296,298,12
296,315,5
297,298,12
299,300,12
299,301,12
299,302,12
299,303,12
299,304,12
299,305,12
299,306,12
299,307,12
299,313,2
299,314,1
299,315,3
299,452,2
299,491,7
299,1156,2
300,301,12
300,302,12
300,303,12
300,304,12
300,305,12
300,306,12
300,307,12
300,309,5
300,314,3
300,329,2
300,878,5
300,1157,3
300,1175,5
301,302,12
301,303,12
301,304,12
301,305,12
301,306,12
301,307,12
301,313,1
301,328,1
301,330,4
301,362,2
301,368,1
301,428,2
301,452,1
301,488,1
301,671,2
301,778,5
301,1152,4
301,1156,4
301,1157,2
302,303,12
302,304,12
302,305,12
302,306,12
302,307,12
302,313,1
302,318,1
302,330,2
302,363,1
302,408,2
302,1065,3
302,1066,1
302,1153,7
302,1157,6
303,304,12
303,305,12
303,306,12
303,307,12
304,305,12
304,306,12
304,307,12
305,306,12
305,307,12
305,313,3
305,314,1
305,452,1
305,582,1
305,611,2
305,716,5
305,1103,3
305,1156,4
306,307,12
306,313,1
306,321,2
307,313,1
307,372,1
307,516,5
307,1078,1
308,309,12
308,310,12
308,311,12
308,312,12
308,362,7
308,363,1
308,478,3
308,479,2
308,483,1
308,1094,1
308,1164,2
308,1165,1
308,1171,3
308,1198,8
308,1199,1
309,310,12
309,311,12
309,312,12
309,314,4
309,318,1
309,324,4
309,363,6
309,479,9
309,1065,1
309,1095,5
310,311,12
310,312,12
311,312,12
312,363,2
313,314,12
313,315,12
313,316,12
313,317,9
313,318,1
313,319,1
313,362,5
313,491,4
313,516,3
313,843,1
313,1065,6
313,1152,4
314,315,12
314,316,12
314,318,10
314,319,5
314,420,1
314,1066,7
314,1104,5
314,1153,4
315,316,12
315,317,3
315,320,8
315,1065,1
315,1154,3
317,318,12
317,319,12
317,320,12
317,321,12
317,346,7
317,441,1
317,716,1
317,1012,1
317,1013,1
317,1018,1
317,1065,9
317,1078,7
317,1079,3
317,1094,2
317,1103,5
317,1104,3
317,1106,2
317,1114,1
317,1174,1
318,319,12
318,320,12
318,321,12
318,323,7
318,324,8
318,346,2
318,347,10
318,381,8
318,438,1
318,440,1
318,441,1
318,524,8
318,1018,1
318,1065,1
318,1066,2
318,1078,5
318,1079,7
318,1094,4
318,1095,7
318,1103,2
318,1104,7
318,1106,1
318,1107,5
318,1112,4
318,1115,1
319,320,12
319,321,12
319,438,1
319,441,1
319,513,1
319,586,1
319,1018,1
319,1066,6
319,1079,2
319,1104,1
320,321,12
322,323,12
322,324,12
322,325,12
322,326,12
322,327,12
322,373,3
322,516,4
322,588,1
322,1092,1
322,1093,1
322,1103,1
322,1104,1
322,1171,2
322,1210,3
323,324,12
323,325,12
323,326,12
323,327,12
323,375,1
323,379,2
323,393,3
323,418,3
323,515,1
323,548,3
323,1072,1
323,1092,1
323,1093,2
323,1103,1
323,1175,4
323,1214,1
324,325,12
324,326,12
324,327,12
324,347,4
324,479,3
324,503,1
324,506,2
324,1057,1
324,1092,1
324,1103,1
324,1175,5
325,326,12
325,327,12
326,327,12
327,371,2
327,372,1
327,1103,2
327,1104,1
328,329,12
328,330,12
328,331,12
328,332,12
328,333,12
328,334,3
328,340,3
328,534,1
328,734,2
329,330,12
329,331,12
329,332,12
329,333,12
329,335,2
329,1217,6
330,331,12
330,332,12
330,333,12
330,334,2
330,335,3
330,340,2
330,555,2
330,1156,1
331,332,12
331,333,12
331,335,6
331,461,3
331,493,4
332,333,12
332,335,1
332,536,1
334,335,12
334,336,12
334,337,12
334,338,12
334,339,12
334,340,1
334,347,5
334,357,4
334,358,5
334,363,6
334,371,3
334,372,8
334,377,3
334,378,4
334,433,1
334,555,1
334,611,1
334,617,1
334,676,1
334,688,3
334,799,1
334,868,3
334,1095,2
335,336,12
335,337,12
335,338,12
335,339,12
335,340,1
335,359,1
335,372,2
335,373,1
335,378,2
335,535,1
335,555,1
335,660,1
335,714,3
335,746,1
335,813,1
336,337,12
336,338,12
336,339,12
336,340,1
336,347,1
336,352,3
336,372,6
336,378,6
336,555,1
336,1095,2
336,1172,4
337,338,12
337,339,12
338,339,12
340,341,12
340,342,12
340,343,12
340,344,12
340,345,12
340,555,2
340,556,1
340,557,1
341,342,12
341,343,12
341,344,12
341,345,12
341,433,1
342,343,12
342,344,12
342,345,12
343,344,12
343,345,12
344,345,12
345,565,1
346,347,12
346,348,12
346,349,12
346,350,12
346,354,5
346,433,3
346,712,2
346,716,1
346,954,1
346,1125,6
347,348,12
347,349,12
347,350,12
347,354,3
347,355,1
347,612,2
347,618,2
347,719,1
347,1041,1
347,1095,1
347,1115,1
347,1125,2
348,349,12
348,350,12
349,350,12
351,352,12
351,353,12
351,354,12
351,355,12
351,356,12
351,362,1
351,1106,3
352,353,12
352,354,12
352,355,12
352,356,12
352,1106,2
352,1107,1
353,354,12
353,355,12
353,356,12
354,355,12
354,356,12
354,357,2
354,358,4
354,362,1
354,363,5
355,356,12
357,358,12
357,359,12
357,360,12
357,361,12
357,362,6
357,363,5
357,368,2
357,372,1
357,378,2
357,497,1
357,712,3
357,716,4
357,1094,1
357,1095,3
358,359,12
358,360,12
358,361,12
358,362,4
358,363,6
358,368,2
358,372,5
358,378,3
358,712,1
358,716,1
358,1106,1
359,360,12
359,361,12
359,362,2
359,407,3
359,1012,2
360,361,12
362,363,12
362,364,12
362,365,12
362,366,12
362,371,10
362,372,8
362,410,2
362,428,1
362,712,2
362,716,1
362,946,1
362,947,1
362,948,2
362,949,1
362,954,1
362,1156,2
362,1171,1
362,1217,1
363,364,12
363,365,12
363,366,12
363,372,5
363,405,2
363,406,1
363,542,1
363,716,1
364,365,12
364,366,12
365,366,12
365,371,1
367,368,12
367,369,12
367,370,12
367,423,1
367,424,2
367,433,2
367,1114,1
368,369,12
368,370,12
368,1115,1
369,370,12
369,1034,1
371,372,12
371,373,12
371,374,12
371,375,12
371,376,12
371,377,4
371,428,1
371,523,2
371,524,2
371,1034,3
371,1035,1
371,1036,2
371,1092,1
371,1111,1
371,1114,1
371,1115,1
372,373,12
372,374,12
372,375,12
372,376,12
372,377,6
372,428,2
372,1037,1
372,1093,1
372,1114,1
372,1115,1
373,374,12
373,375,12
373,376,12
373,1036,3
374,375,12
374,376,12
374,1036,1
375,376,12
375,1037,1
377,378,12
377,379,12
377,410,1
377,428,1
377,523,3
377,524,3
377,1034,6
377,1036,2
377,1111,1
377,1114,1
378,379,12
378,1037,2
378,1107,1
378,1114,1
378,1115,2
380,381,12
380,382,12
380,383,12
380,384,12
380,385,12
380,386,3
380,387,1
380,403,2
380,407,4
380,408,2
380,409,4
380,410,4
380,419,5
380,420,2
380,434,3
380,478,1
380,497,5
380,498,5
380,499,3
380,500,9
380,505,2
380,568,4
380,749,5
380,757,1
380,894,6
380,972,3
380,1112,1
381,382,12
381,383,12
381,384,12
381,385,12
381,387,6
381,403,2
381,408,2
381,420,3
381,434,2
381,973,1
381,1115,1
382,383,12
382,384,12
382,385,12
382,506,1
383,384,12
383,385,12
383,497,1
383,498,1
383,499,1
383,500,1
384,385,12
384,497,2
384,498,1
384,499,1
384,500,1
386,387,12
386,388,12
386,389,12
386,390,12
386,391,12
386,392,8
386,405,1
386,419,4
386,458,1
386,483,5
386,505,2
387,388,12
387,389,12
387,390,12
387,391,12
387,392,4
387,393,4
387,403,1
387,405,4
387,410,1
387,419,1
387,420,7
387,434,2
387,458,2
387,462,1
387,474,2
387,483,5
387,484,1
387,989,1
387,1070,1
388,389,12
388,390,12
388,391,12
389,390,12
389,391,12
390,391,12
391,503,1
392,393,12
392,394,12
392,395,12
392,396,12
392,397,12
392,398,12
392,399,12
392,403,4
392,407,1
392,408,1
392,409,6
392,410,7
392,419,6
392,420,3
392,505,4
392,506,1
393,394,12
393,395,12
393,396,12
393,397,12
393,398,12
393,399,12
393,420,2
393,506,2
394,395,12
394,396,12
394,397,12
394,398,12
394,399,12
395,396,12
395,397,12
395,398,12
395,399,12
396,397,12
396,398,12
396,399,12
397,398,12
397,399,12
397,557,2
398,399,12
398,503,1
398,504,1
398,505,5
398,506,3
398,1092,3
398,1093,1
400,401,12
400,402,12
401,402,12
403,404,12
403,405,12
403,406,12
403,407,12
403,408,12
403,409,12
403,410,12
403,411,12
403,412,12
403,441,8
403,487,5
403,550,2
403,803,1
403,937,4
403,1092,2
403,1111,1
403,1115,2
404,405,12
404,406,12
404,407,12
404,408,12
404,409,12
404,410,12
404,411,12
404,412,12
405,406,12
405,407,12
405,408,12
405,409,12
405,410,12
405,411,12
405,412,12
405,420,2
405,423,1
405,424,2
405,504,1
405,1092,1
405,1093,1
405,1114,2
406,407,12
406,408,12
406,409,12
406,410,12
406,411,12
406,412,12
406,420,1
406,470,1
406,1093,1
406,1111,1
406,1112,1
406,1115,1
407,408,12
407,409,12
407,410,12
407,411,12
407,412,12
407,413,7
407,417,1
407,469,3
407,535,3
407,746,1
408,409,12
408,410,12
408,411,12
408,412,12
408,556,3
408,752,3
408,1114,2
409,410,12
409,411,12
409,412,12
409,461,2
409,555,4
409,746,3
409,1114,2
409,1143,3
410,411,12
410,412,12
410,469,1
410,505,4
410,710,1
411,412,12
413,414,12
413,415,12
413,416,12
413,417,12
413,418,12
414,415,12
414,416,12
414,417,12
414,418,12
415,416,12
415,417,12
415,418,12
416,417,12
416,418,12
417,418,12
417,497,6
417,498,6
417,499,1
417,503,3
419,420,12
419,421,12
419,422,12
419,433,7
419,434,4
419,509,3
419,634,1
420,421,12
420,422,12
420,504,3
420,598,1
420,975,1
420,1144,1
421,422,12
423,424,12
423,425,12
423,426,12
423,427,12
423,428,1
423,469,3
423,483,5
423,1095,1
423,1111,3
424,425,12
424,426,12
424,427,12
424,469,8
424,470,1
424,1099,1
424,1111,1
424,1171,2
425,426,12
425,427,12
426,427,12
428,429,12
428,430,12
428,431,12
428,432,12
428,433,6
428,434,2
428,449,1
428,452,1
428,453,1
428,483,3
428,782,2
428,954,4
428,976,1
428,1065,1
428,1184,3
428,1189,1
428,1204,1
429,430,12
429,431,12
429,432,12
429,433,1
429,502,1
430,431,12
430,432,12
431,432,12
433,434,12
433,435,12
433,436,12
433,437,12
433,479,1
433,712,1
433,713,1
434,435,12
434,436,12
434,437,12
434,439,1
434,458,1
434,483,1
434,491,1
434,547,3
434,611,2
434,618,2
434,777,1
435,436,12
435,437,12
436,437,12
438,439,12
438,440,12
438,441,6
439,440,12
439,442,11
439,504,1
439,506,3
439,1012,1
439,1013,1
440,1078,1
441,442,12
441,457,1
441,466,1
441,478,1
441,491,7
441,523,1
441,716,1
441,979,1
441,1018,1
441,1106,3
441,1111,5
441,1112,1
443,444,12
443,445,12
443,446,12
443,447,12
443,448,12
443,707,5
443,710,6
444,445,12
444,446,12
444,447,12
444,448,12
444,708,5
444,710,1
445,446,12
445,447,12
445,448,12
446,447,12
446,448,12
447,448,12
449,450,12
449,451,12
449,478,1
450,451,12
451,1036,1
452,453,12
452,454,12
452,455,12
452,456,12
452,457,3
452,473,1
452,494,1
453,454,12
453,455,12
453,456,12
453,469,1
454,455,12
454,456,12
455,456,12
457,458,12
457,459,12
457,460,12
457,469,6
457,470,2
457,473,1
457,474,2
457,493,3
457,503,5
457,504,3
457,505,1
457,799,2
458,459,12
458,460,12
458,466,1
458,469,2
458,470,8
458,474,2
458,500,4
458,503,2
458,504,7
458,505,1
458,716,1
459,460,12
459,1106,1
461,462,12
461,463,12
461,464,12
461,465,12
461,466,12
461,469,7
461,470,2
461,473,1
461,493,1
461,499,2
461,934,1
462,463,12
462,464,12
462,465,12
462,466,12
462,470,9
462,473,1
462,494,1
462,503,1
462,504,6
462,560,1
462,837,1
463,464,12
463,465,12
463,466,12
464,465,12
464,466,12
465,466,12
465,469,3
465,470,1
465,473,2
465,503,1
465,504,1
465,716,1
465,723,3
465,1078,2
466,469,3
466,470,9
466,473,2
466,499,2
466,500,2
466,504,6
466,716,1
467,468,12
467,470,1
467,488,1
467,497,3
467,498,5
467,499,5
467,500,1
469,470,12
469,471,12
469,472,12
469,473,7
469,474,1
469,493,1
469,494,1
469,499,2
469,500,6
469,503,2
469,505,3
470,471,12
470,472,12
470,473,3
470,474,8
470,500,3
470,502,3
470,503,2
470,504,5
470,506,3
470,525,1
471,472,12
473,474,12
473,475,12
473,476,12
473,477,12
473,493,4
473,494,6
473,497,2
473,498,1
474,475,12
474,476,12
474,477,12
474,493,1
474,504,3
475,476,12
475,477,12
476,477,12
478,479,12
478,480,12
478,481,12
478,482,12
478,483,7
478,491,2
478,503,2
478,505,2
478,506,3
478,689,5
478,716,2
478,954,2
478,1094,1
478,1095,1
478,1152,5
478,1164,1
479,480,12
479,481,12
479,482,12
479,483,3
479,484,3
479,488,1
479,492,3
479,494,1
479,499,1
479,500,2
479,505,1
479,506,4
479,690,7
479,1094,1
479,1153,6
479,1164,1
479,1171,1
479,1175,2
480,481,12
480,482,12
481,482,12
483,484,12
483,485,12
483,486,12
483,976,1
483,1034,2
483,1036,4
484,485,12
484,486,12
484,1093,1
485,486,12
486,949,1
487,488,12
487,489,12
487,490,12
487,491,12
487,492,12
487,806,1
487,865,5
488,489,12
488,490,12
488,491,12
488,492,12
488,494,1
488,690,6
488,1030,1
489,490,12
489,491,12
489,492,12
490,491,12
490,492,12
491,492,12
491,497,1
491,498,3
491,506,1
491,543,1
491,1012,3
491,1013,1
491,1094,1
491,1111,3
492,587,8
492,690,6
492,716,2
492,865,1
492,1013,1
492,1030,1
493,494,12
493,495,12
493,496,12
493,497,3
493,499,4
493,500,9
493,564,1
493,1219,5
494,495,12
494,496,12
494,499,7
494,708,1
495,496,12
497,498,12
497,499,12
497,500,12
497,501,12
497,502,12
497,503,7
498,499,12
498,500,12
498,501,12
498,502,12
498,1164,3
499,500,12
499,501,12
499,502,12
499,503,9
499,506,1
499,1012,1
499,1017,3
499,1018,4
499,1040,2
499,1094,6
499,1095,5
499,1114,2
500,501,12
500,502,12
500,504,1
500,1094,1
500,1095,4
500,1114,1
501,502,12
503,504,12
503,505,12
503,506,12
503,507,12
503,508,12
503,509,12
503,510,12
503,523,2
503,524,1
503,699,1
503,716,1
503,976,2
504,505,12
504,506,12
504,507,12
504,508,12
504,509,12
504,510,12
504,716,1
505,506,12
505,507,12
505,508,12
505,509,12
505,510,12
505,716,3
505,888,2
506,507,12
506,508,12
506,509,12
506,510,12
506,557,2
506,716,2
506,888,3
506,984,2
506,1175,2
507,508,12
507,509,12
507,510,12
508,509,12
508,510,12
509,510,12
511,512,12
511,513,12
511,514,12
511,515,8
511,516,6
511,518,5
511,519,1
511,611,1
511,612,1
511,845,1
512,513,12
512,514,12
512,515,1
512,516,7
512,518,2
512,519,6
512,720,3
513,514,12
513,515,3
513,516,3
513,518,2
513,519,3
513,520,4
513,522,2
513,721,3
515,516,12
515,517,12
515,659,3
515,716,1
516,517,12
516,518,6
516,564,5
516,709,3
516,710,1
518,519,12
518,520,12
518,521,12
518,522,12
519,520,12
519,521,12
519,522,12
520,521,12
520,522,12
521,522,12
523,524,12
523,525,12
523,526,12
523,527,12
523,528,12
523,554,2
523,661,3
523,671,1
523,716,2
523,777,4
523,1034,1
523,1092,2
523,1129,5
523,1130,1
524,525,12
524,526,12
524,527,12
524,528,12
524,544,2
524,554,5
524,661,1
524,662,5
524,716,2
524,777,1
524,1065,2
524,1130,5
525,526,12
525,527,12
525,528,12
525,533,2
525,534,4
525,536,1
525,547,6
525,550,3
525,554,2
525,557,1
525,564,3
525,574,4
525,577,1
525,611,4
525,699,3
526,527,12
526,528,12
526,534,5
526,544,2
526,547,1
526,550,1
526,551,7
526,574,1
526,612,3
526,618,1
527,528,12
529,530,12
529,531,12
529,532,12
529,534,2
529,536,4
529,538,10
529,617,1
529,1062,1
529,1129,9
530,531,12
530,532,12
530,533,1
530,534,10
530,536,1
530,538,1
530,539,7
530,618,1
530,1040,1
530,1063,1
531,532,12
533,534,12
533,535,12
533,536,12
533,537,12
534,535,12
534,536,12
534,537,12
534,538,2
534,539,7
534,544,4
534,547,1
534,548,2
534,611,1
534,612,5
535,536,12
535,537,12
536,537,12
536,538,4
536,539,1
536,563,2
536,567,3
536,585,8
536,597,1
536,620,1
536,635,6
536,1107,1
538,539,12
538,540,12
538,541,12
538,542,12
538,543,8
538,544,8
538,557,1
539,540,12
539,541,12
539,542,12
540,541,12
540,542,12
541,542,12
542,1018,1
543,544,12
543,545,12
543,546,12
543,547,7
543,548,1
543,550,7
543,551,1
543,615,1
543,988,1
544,545,12
544,546,12
544,547,8
544,550,8
544,616,1
544,644,1
545,546,12
547,548,12
547,549,12
547,564,3
548,549,12
550,551,12
550,552,12
550,553,12
550,554,12
550,557,1
550,564,2
551,552,12
551,553,12
551,554,12
551,556,2
551,557,1
552,553,12
552,554,12
553,554,12
555,556,12
555,557,12
555,558,12
555,559,12
555,560,2
555,561,5
555,564,8
555,1056,8
556,557,12
556,558,12
556,559,12
556,564,4
556,565,3
556,573,5
556,1056,4
556,1057,4
557,558,12
557,559,12
557,564,6
557,565,10
557,572,3
557,573,1
557,655,1
557,705,1
557,1056,6
557,1057,1
558,559,12
560,561,12
560,562,12
560,563,12
560,564,8
560,565,8
560,749,3
560,1065,9
561,562,12
561,563,12
561,564,7
561,565,2
561,573,1
561,587,6
561,716,1
561,719,2
561,720,1
562,563,12
564,565,12
564,566,12
564,567,12
564,574,3
564,699,4
564,716,2
564,717,1
564,747,1
564,1078,2
565,566,12
565,567,12
565,572,3
565,1143,1
566,567,12
568,569,12
568,570,12
568,571,12
568,572,2
568,573,1
568,582,3
568,583,1
568,586,4
568,592,2
568,593,1
568,661,1
568,988,1
569,570,12
569,571,12
569,572,1
569,573,2
569,582,1
569,583,5
569,586,1
569,587,4
569,592,1
569,593,5
569,622,7
569,633,2
569,1063,4
570,571,12
572,573,12
572,574,12
572,575,12
572,576,12
572,577,12
572,632,6
572,634,2
573,574,12
573,575,12
573,576,12
573,577,12
574,575,12
574,576,12
574,577,12
574,716,2
574,717,2
575,576,12
575,577,12
576,577,12
577,648,4
577,818,4
578,579,12
578,580,12
578,581,12
579,580,12
579,581,12
580,581,12
582,583,12
582,584,12
582,585,12
582,643,3
582,1078,1
583,584,12
583,585,12
584,585,12
586,587,12
586,588,12
586,589,12
586,590,12
586,591,12
587,588,12
587,589,12
587,590,12
587,591,12
588,589,12
588,590,12
588,591,12
589,590,12
589,591,12
590,591,12
592,593,12
592,594,12
592,595,12
592,596,12
592,597,12
592,648,2
592,1078,1
593,594,12
593,595,12
593,596,12
593,597,12
594,595,12
594,596,12
594,597,12
595,596,12
595,597,12
596,597,12
596,648,1
598,599,12
598,600,12
598,601,12
598,602,12
598,1036,3
599,600,12
599,601,12
599,602,12
600,601,12
600,602,12
601,602,12
603,604,12
603,605,12
603,606,12
603,607,12
603,608,12
603,609,12
603,610,12
604,605,12
604,606,12
604,607,12
604,608,12
604,609,12
604,610,12
605,606,12
605,607,12
605,608,12
605,609,12
605,610,12
606,607,12
606,608,12
606,609,12
606,610,12
607,608,12
607,609,12
607,610,12
608,609,12
608,610,12
609,610,12
611,612,12
611,613,12
611,614,12
611,615,12
611,616,12
611,716,1
611,750,1
611,887,2
611,972,8
611,973,2
611,1040,1
611,1094,3
611,1095,2
612,613,12
612,614,12
612,615,12
612,616,12
612,973,1
613,614,12
613,615,12
613,616,12
614,615,12
614,616,12
615,616,12
615,844,5
615,887,2
615,983,1
615,1092,3
617,618,12
617,619,12
617,620,12
617,887,6
617,965,1
617,983,1
617,1114,2
618,619,12
618,620,12
618,1112,4
618,1115,2
619,620,12
621,622,12
621,623,12
621,624,12
621,625,12
621,626,12
621,661,6
621,1078,1
622,623,12
622,624,12
622,625,12
622,626,12
622,661,4
622,662,2
623,624,12
623,625,12
623,626,12
623,709,4
624,625,12
624,626,12
624,661,4
624,662,6
624,663,6
624,664,4
624,666,7
624,667,6
624,669,6
625,626,12
626,663,3
626,664,4
626,666,6
627,628,12
627,629,12
627,630,12
627,631,12
627,632,4
627,633,1
627,740,2
628,629,12
628,630,12
628,631,12
629,630,12
629,631,12
630,631,12
631,634,5
632,633,12
632,634,12
632,635,12
632,636,12
632,637,5
632,638,1
632,652,9
632,697,1
632,705,1
632,716,1
632,988,1
632,1114,1
633,634,12
633,635,12
633,636,12
633,637,6
633,648,3
633,652,1
633,697,6
633,705,6
633,707,6
634,635,12
634,636,12
634,652,2
634,697,1
634,698,2
634,705,1
634,716,1
635,636,12
637,638,12
637,639,12
637,640,12
637,641,12
637,642,12
637,716,3
637,1053,3
637,1060,5
638,639,12
638,640,12
638,641,12
638,642,12
638,1053,8
639,640,12
639,641,12
639,642,12
640,641,12
640,642,12
641,642,12
643,644,12
643,645,12
643,646,12
643,647,12
643,648,1
643,740,1
643,757,6
643,894,3
644,645,12
644,646,12
644,647,12
644,648,6
644,649,6
644,757,5
645,646,12
645,647,12
646,647,12
648,649,12
648,650,12
648,651,12
648,652,12
648,653,12
648,716,1
648,865,6
649,650,12
649,651,12
649,652,12
649,653,12
649,702,2
649,716,1
650,651,12
650,652,12
650,653,12
651,652,12
651,653,12
652,653,12
652,716,3
652,717,1
654,655,12
654,656,12
654,657,12
654,946,2
654,947,3
654,949,1
655,656,12
655,657,12
656,657,12
658,659,12
658,660,12
659,660,12
661,662,12
661,663,12
661,664,12
661,665,12
661,666,12
661,667,12
661,668,12
661,669,12
661,670,12
661,716,4
661,894,1
661,997,3
662,663,12
662,664,12
662,665,12
662,666,12
662,667,12
662,668,12
662,669,12
662,670,12
663,664,12
663,665,12
663,666,12
663,667,12
663,668,12
663,669,12
663,670,12
664,665,12
664,666,12
664,667,12
664,668,12
664,669,12
664,670,12
665,666,12
665,667,12
665,668,12
665,669,12
665,670,12
666,667,12
666,668,12
666,669,12
666,670,12
667,668,12
667,669,12
667,670,12
668,669,12
668,670,12
669,670,12
671,672,12
671,673,12
671,674,12
671,740,1
671,997,2
672,673,12
672,674,12
673,674,12
675,676,12
675,677,12
675,678,12
675,679,12
675,680,12
675,681,12
675,682,12
675,683,12
675,684,12
675,685,12
675,686,12
675,687,12
675,688,12
675,894,1
675,895,1
676,677,12
676,678,12
676,679,12
676,680,12
676,681,12
676,682,12
676,683,12
676,684,12
676,685,12
676,686,12
676,687,12
676,688,12
677,678,12
677,679,12
677,680,12
677,681,12
677,682,12
677,683,12
677,684,12
677,685,12
677,686,12
677,687,12
677,688,12
678,679,12
678,680,12
678,681,12
678,682,12
678,683,12
678,684,12
678,685,12
678,686,12
678,687,12
678,688,12
679,680,12
679,681,12
679,682,12
679,683,12
679,684,12
679,685,12
679,686,12
679,687,12
679,688,12
680,681,12
680,682,12
680,683,12
680,684,12
680,685,12
680,686,12
680,687,12
680,688,12
681,682,12
681,683,12
681,684,12
681,685,12
681,686,12
681,687,12
681,688,12
681,1065,1
682,683,12
682,684,12
682,685,12
682,686,12
682,687,12
682,688,12
683,684,12
683,685,12
683,686,12
683,687,12
683,688,12
684,685,12
684,686,12
684,687,12
684,688,12
685,686,12
685,687,12
685,688,12
686,687,12
686,688,12
687,688,12
689,690,12
689,691,12
689,692,12
689,693,12
689,694,12
689,695,12
689,696,12
689,806,1
689,988,5
690,691,12
690,692,12
690,693,12
690,694,12
690,695,12
690,696,12
691,692,12
691,693,12
691,694,12
691,695,12
691,696,12
692,693,12
692,694,12
692,695,12
692,696,12
693,694,12
693,695,12
693,696,12
694,695,12
694,696,12
695,696,12
696,710,1
697,698,12
697,699,12
697,700,12
697,701,12
697,707,4
697,709,6
697,710,6
697,988,1
697,1040,1
698,699,12
698,700,12
698,701,12
698,989,2
699,700,12
699,701,12
699,740,3
699,782,2
699,783,1
699,806,1
699,818,4
699,867,2
699,869,2
699,988,2
700,701,12
702,703,12
702,704,12
702,705,12
702,706,12
703,704,12
703,705,12
703,706,12
704,705,12
704,706,12
705,706,12
705,707,6
705,709,3
705,710,6
705,988,2
706,708,6
706,989,2
707,708,12
707,709,12
707,710,12
707,711,12
707,988,1
707,1096,1
708,709,12
708,710,12
708,711,12
708,989,1
709,710,12
709,711,12
709,1096,4
710,711,12
710,1096,1
712,713,12
712,714,12
712,715,12
712,716,4
712,717,1
712,719,1
712,720,1
712,1114,5
712,1115,2
713,714,12
713,715,12
714,715,12
716,717,12
716,718,12
716,719,3
716,720,1
716,738,3
716,740,1
716,753,2
716,793,1
716,811,2
716,843,3
716,946,1
716,947,1
716,949,1
716,972,3
716,975,1
716,988,5
716,997,1
716,1034,1
716,1035,1
716,1036,2
716,1040,3
716,1065,1
716,1094,2
717,718,12
717,720,6
717,1063,1
717,1094,1
719,720,12
719,721,12
719,722,12
719,723,12
719,724,12
719,738,1
719,1040,1
719,1114,1
720,721,12
720,722,12
720,723,12
720,724,12
721,722,12
721,723,12
721,724,12
722,723,12
722,724,12
723,724,12
724,739,2
724,946,1
725,726,12
725,727,12
725,728,12
725,744,1
725,753,3
725,1065,1
726,727,12
726,728,12
726,744,4
727,728,12
729,730,12
729,731,12
729,732,12
729,733,12
729,734,12
729,735,12
729,736,12
729,737,12
729,738,8
729,739,4
729,740,5
729,744,3
729,749,6
729,757,3
729,1040,2
729,1078,1
730,731,12
730,732,12
730,733,12
730,734,12
730,735,12
730,736,12
730,737,12
730,739,6
730,744,2
730,749,3
730,750,11
730,753,2
730,754,9
730,757,3
730,1037,3
730,1040,1
731,732,12
731,733,12
731,734,12
731,735,12
731,736,12
731,737,12
732,733,12
732,734,12
732,735,12
732,736,12
732,737,12
732,744,4
733,734,12
733,735,12
733,736,12
733,737,12
733,744,2
734,735,12
734,736,12
734,737,12
734,738,6
734,739,2
734,740,4
734,744,2
735,736,12
735,737,12
735,744,2
736,737,12
736,744,1
737,740,1
738,739,12
738,740,12
738,741,12
738,742,12
738,743,12
738,744,12
738,749,2
738,753,2
738,1041,3
739,740,12
739,741,12
739,742,12
739,743,12
739,744,12
739,750,4
739,1041,4
739,1122,3
740,741,12
740,742,12
740,743,12
740,744,12
740,1082,1
741,742,12
741,743,12
741,744,12
742,743,12
742,744,12
743,744,12
744,750,2
744,1059,3
744,1122,5
745,746,12
745,747,12
745,748,12
745,749,3
745,750,1
746,747,12
746,748,12
746,1114,1
747,748,12
748,750,4
748,753,1
749,750,12
749,751,12
749,752,12
749,753,12
749,754,12
749,755,12
749,756,12
749,757,12
749,758,12
749,759,12
749,760,12
749,761,12
749,762,5
749,763,2
749,894,7
749,895,1
749,972,5
749,975,1
750,751,12
750,752,12
750,753,12
750,754,12
750,755,12
750,756,12
750,757,12
750,758,12
750,759,12
750,760,12
750,761,12
750,762,5
750,763,7
751,752,12
751,753,12
751,754,12
751,755,12
751,756,12
751,757,12
751,758,12
751,759,12
751,760,12
751,761,12
752,753,12
752,754,12
752,755,12
752,756,12
752,757,12
752,758,12
752,759,12
752,760,12
752,761,12
753,754,12
753,755,12
753,756,12
753,757,12
753,758,12
753,759,12
753,760,12
753,761,12
753,762,7
753,832,6
754,755,12
754,756,12
754,757,12
754,758,12
754,759,12
754,760,12
754,761,12
754,763,10
754,975,1
755,756,12
755,757,12
755,758,12
755,759,12
755,760,12
755,761,12
756,757,12
756,758,12
756,759,12
756,760,12
756,761,12
757,758,12
757,759,12
757,760,12
757,761,12
757,762,3
757,763,3
757,937,5
757,975,1
758,759,12
758,760,12
758,761,12
759,760,12
759,761,12
760,761,12
762,763,12
762,764,12
762,765,12
762,766,12
762,767,12
762,983,2
763,764,12
763,765,12
763,766,12
763,767,12
764,765,12
764,766,12
764,767,12
765,766,12
765,767,12
766,767,12
768,769,12
768,770,12
768,771,12
768,772,12
768,773,12
768,784,3
768,811,3
768,813,1
768,818,3
768,819,2
768,820,7
769,770,12
769,771,12
769,772,12
769,773,12
769,812,1
769,818,3
769,819,6
770,771,12
770,772,12
770,773,12
771,772,12
771,773,12
772,773,12
774,775,12
774,776,12
774,782,3
774,783,4
774,784,1
774,811,1
774,813,1
775,776,12
775,782,2
775,783,2
775,784,5
775,812,1
775,818,1
775,819,4
775,820,1
777,778,12
777,779,12
777,780,12
777,781,12
777,782,1
777,783,1
777,784,3
778,779,12
778,780,12
778,781,12
778,782,6
778,783,6
778,784,5
778,811,1
778,813,3
779,780,12
779,781,12
780,781,12
781,819,1
782,783,12
782,784,12
782,785,12
782,786,12
782,787,12
782,811,4
782,812,9
782,813,2
783,784,12
783,785,12
783,786,12
783,787,12
783,812,10
784,785,12
784,786,12
784,787,12
784,789,1
784,790,1
785,786,12
785,787,12
786,787,12
788,789,12
788,790,12
788,791,12
788,792,12
788,811,1
789,790,12
789,791,12
789,792,12
789,1079,1
790,791,12
790,792,12
791,792,12
793,794,12
793,795,12
793,796,12
793,797,12
793,798,12
793,799,3
793,800,1
793,803,1
793,806,5
793,807,2
793,813,1
793,876,7
794,795,12
794,796,12
794,797,12
794,798,12
794,799,4
794,800,2
794,803,1
794,806,3
794,807,7
794,808,1
794,809,5
794,810,1
794,812,3
794,928,1
794,933,1
795,796,12
795,797,12
795,798,12
796,797,12
796,798,12
797,798,12
797,806,1
797,807,1
797,808,1
797,811,1
799,800,12
799,801,12
799,802,12
799,803,12
799,804,12
799,805,12
799,806,1
799,807,1
799,808,1
799,928,1
800,801,12
800,802,12
800,803,12
800,804,12
800,805,12
801,802,12
801,803,12
801,804,12
801,805,12
802,803,12
802,804,12
802,805,12
803,804,12
803,805,12
803,820,1
803,916,6
804,805,12
805,955,3
805,966,1
806,807,12
806,808,12
806,809,12
806,810,12
806,811,4
806,812,8
806,813,4
806,843,1
806,933,4
806,934,4
806,1092,3
806,1095,1
807,808,12
807,809,12
807,810,12
807,811,1
807,812,8
807,933,6
807,1095,1
808,809,12
808,810,12
808,812,2
808,933,1
809,810,12
811,812,12
811,813,12
811,814,12
811,815,12
811,816,12
811,817,12
811,818,1
811,863,6
811,1008,1
811,1044,1
812,813,12
812,814,12
812,815,12
812,816,12
812,817,12
812,818,1
812,819,1
812,820,2
812,863,1
812,1008,1
812,1044,1
813,814,12
813,815,12
813,816,12
813,817,12
813,818,1
813,820,2
813,934,6
813,1008,3
813,1044,2
814,815,12
814,816,12
814,817,12
815,816,12
815,817,12
816,817,12
818,819,12
818,820,12
818,821,12
818,822,12
818,827,1
818,1044,1
818,1147,4
819,820,12
819,821,12
819,822,12
819,824,1
819,1044,1
819,1147,1
819,1148,6
820,821,12
820,822,12
820,827,1
820,871,5
820,896,1
820,972,2
820,1044,1
820,1147,1
821,822,12
823,824,12
823,825,12
823,826,12
823,922,3
823,923,1
823,927,1
823,965,1
824,825,12
824,826,12
824,928,4
825,826,12
827,828,12
827,829,12
827,830,12
827,867,3
827,868,2
827,869,3
827,965,1
828,829,12
828,830,12
828,868,1
829,830,12
832,833,12
832,834,12
832,835,12
833,834,12
833,835,12
834,835,12
836,837,12
836,838,12
836,839,12
836,840,12
836,841,12
836,842,12
837,838,12
837,839,12
837,840,12
837,841,12
837,842,12
838,839,12
838,840,12
838,841,12
838,842,12
839,840,12
839,841,12
839,842,12
840,841,12
840,842,12
841,842,12
843,844,12
843,845,12
843,846,12
843,847,12
843,848,12
843,849,12
843,850,12
843,856,3
843,858,4
843,859,1
843,906,3
843,954,7
843,955,1
843,1121,3
844,845,12
844,846,12
844,847,12
844,848,12
844,849,12
844,850,12
844,857,9
844,858,1
844,859,4
844,934,3
844,946,2
845,846,12
845,847,12
845,848,12
845,849,12
845,850,12
846,847,12
846,848,12
846,849,12
846,850,12
847,848,12
847,849,12
847,850,12
848,849,12
848,850,12
849,850,12
849,900,5
850,851,2
850,946,1
850,947,1
850,949,1
851,852,12
851,853,12
851,854,12
851,855,12
851,856,6
851,857,4
851,859,4
851,946,1
851,954,1
852,853,12
852,854,12
852,855,12
853,854,12
853,855,12
854,855,12
856,857,12
856,947,1
856,948,1
856,949,1
856,954,1
856,955,1
857,946,1
857,947,2
857,949,2
858,859,12
858,860,12
858,861,12
858,862,12
858,900,1
859,860,12
859,861,12
859,862,12
859,928,2
859,946,1
859,947,4
859,949,5
860,861,12
860,862,12
861,862,12
862,900,1
863,864,12
863,865,12
863,866,12
863,867,4
863,868,5
863,869,2
863,894,1
863,997,1
863,1040,2
864,865,12
864,866,12
864,868,1
864,1040,1
864,1041,9
865,866,12
865,867,2
865,869,2
865,894,1
865,972,3
867,868,12
867,869,12
867,870,12
867,871,12
867,965,1
867,970,3
867,997,1
867,1008,7
867,1065,3
868,869,12
868,870,12
868,871,12
868,917,1
868,970,3
868,1008,9
868,1009,1
868,1065,3
869,870,12
869,871,12
869,970,3
869,1008,8
869,1065,3
870,871,12
871,894,1
871,965,8
871,966,4
871,972,1
871,983,3
871,984,2
872,873,12
872,874,12
872,875,12
872,876,12
873,874,12
873,875,12
873,876,12
874,875,12
874,876,12
875,876,12
875,965,2
877,878,12
877,879,12
877,880,12
877,881,12
877,1035,1
877,1111,1
878,879,12
878,880,12
878,881,12
879,880,12
879,881,12
880,881,12
882,883,12
882,884,12
882,885,12
882,886,12
882,894,3
882,895,4
883,884,12
883,885,12
883,886,12
883,1065,6
883,1066,2
884,885,12
884,886,12
885,886,12
885,888,9
886,887,5
886,888,1
886,895,6
886,899,1
886,972,1
886,973,1
887,888,12
887,889,12
887,890,12
887,891,12
887,892,12
887,893,12
887,894,7
887,895,3
887,906,1
887,907,1
887,972,7
887,973,1
888,889,12
888,890,12
888,891,12
888,892,12
888,893,12
888,894,1
888,895,5
888,907,6
888,972,1
889,890,12
889,891,12
889,892,12
889,893,12
890,891,12
890,892,12
890,893,12
891,892,12
891,893,12
892,893,12
893,895,4
893,899,1
893,972,1
893,973,1
894,895,12
894,896,12
894,897,12
894,972,4
894,973,1
895,896,12
895,897,12
895,972,2
895,973,1
895,975,5
895,1021,1
896,897,12
896,965,1
898,899,12
898,900,12
898,901,12
898,902,12
898,903,12
898,916,3
898,930,1
898,931,1
898,932,1
898,937,1
898,970,4
899,900,12
899,901,12
899,902,12
899,903,12
899,916,4
899,917,4
899,918,1
899,930,1
899,931,3
899,933,4
899,937,2
899,970,9
899,971,1
900,901,12
900,902,12
900,903,12
900,906,3
900,916,6
900,917,1
900,922,2
900,933,2
900,937,2
900,954,2
900,970,1
900,979,6
901,902,12
901,903,12
901,907,5
901,916,3
901,917,8
901,923,5
901,933,3
901,937,1
901,938,2
901,943,6
901,970,4
901,971,1
902,903,12
904,905,12
904,906,12
904,907,12
904,908,12
904,909,12
904,910,12
905,906,12
905,907,12
905,908,12
905,909,12
905,910,12
906,907,12
906,908,12
906,909,12
906,910,12
906,916,7
906,917,1
906,922,3
906,923,2
906,927,7
906,954,4
906,976,5
906,977,6
906,988,2
907,908,12
907,909,12
907,910,12
907,917,9
907,923,1
907,1021,3
908,909,12
908,910,12
909,910,12
911,912,12
911,913,12
911,914,12
911,915,12
912,913,12
912,914,12
912,915,12
913,914,12
913,915,12
914,915,12
916,917,12
916,918,12
916,919,12
916,920,12
916,921,12
916,922,6
916,923,2
916,927,7
916,928,4
916,976,5
917,918,12
917,919,12
917,920,12
917,921,12
917,922,4
917,923,9
917,927,2
917,928,6
917,932,2
917,933,5
917,934,1
917,937,1
917,938,4
917,943,1
918,919,12
918,920,12
918,921,12
919,920,12
919,921,12
920,921,12
921,1093,3
922,923,12
922,924,12
922,925,12
922,926,12
922,927,12
922,928,12
922,929,12
922,930,12
922,931,12
922,932,4
922,933,4
923,924,12
923,925,12
923,926,12
923,927,12
923,928,12
923,929,12
923,930,12
923,931,12
923,932,2
923,933,9
924,925,12
924,926,12
924,927,12
924,928,12
924,929,12
924,930,12
924,931,12
925,926,12
925,927,12
925,928,12
925,929,12
925,930,12
925,931,12
926,927,12
926,928,12
926,929,12
926,930,12
926,931,12
927,928,12
927,929,12
927,930,12
927,931,12
927,932,6
927,933,2
928,929,12
928,930,12
928,931,12
928,932,1
928,933,1
928,936,5
928,937,4
928,938,2
928,941,1
929,930,12
929,931,12
930,931,12
932,933,12
932,934,12
932,935,12
932,936,12
932,965,1
932,976,2
933,934,12
933,935,12
933,936,12
933,966,1
933,1041,5
934,935,12
934,936,12
934,965,1
935,936,12
935,966,1
937,938,12
937,939,12
937,954,10
937,965,3
937,966,1
937,977,6
937,983,5
937,984,5
938,939,12
938,955,2
938,965,1
938,966,7
938,984,1
940,941,12
940,942,12
940,943,12
940,944,12
940,945,12
941,942,12
941,943,12
941,944,12
941,945,12
941,977,1
941,984,1
942,943,12
942,944,12
942,945,12
942,946,7
942,947,7
942,948,10
942,949,6
942,966,2
942,1111,1
943,944,12
943,945,12
943,947,1
943,949,1
943,965,2
943,966,5
943,1021,4
944,945,12
946,947,12
946,948,12
946,949,12
946,950,12
946,951,12
946,952,12
946,953,12
946,954,12
946,955,12
946,956,12
946,957,12
946,958,12
946,959,12
946,960,12
946,961,12
946,962,12
946,963,12
946,964,12
946,1035,2
946,1093,1
946,1147,1
947,948,12
947,949,12
947,950,12
947,951,12
947,952,12
947,953,12
947,954,12
947,955,12
947,956,12
947,957,12
947,958,12
947,959,12
947,960,12
947,961,12
947,962,12
947,963,12
947,964,12
947,1093,6
947,1147,1
948,949,12
948,950,12
948,951,12
948,952,12
948,953,12
948,954,12
948,955,12
948,956,12
948,957,12
948,958,12
948,959,12
948,960,12
948,961,12
948,962,12
948,963,12
948,964,12
948,1121,3
948,1147,8
949,950,12
949,951,12
949,952,12
949,953,12
949,954,12
949,955,12
949,956,12
949,957,12
949,958,12
949,959,12
949,960,12
949,961,12
949,962,12
949,963,12
949,964,12
949,1021,1
949,1147,1
950,951,12
950,952,12
950,953,12
950,954,12
950,955,12
950,956,12
950,957,12
950,958,12
950,959,12
950,960,12
950,961,12
950,962,12
950,963,12
950,964,12
951,952,12
951,953,12
951,954,12
951,955,12
951,956,12
951,957,12
951,958,12
951,959,12
951,960,12
951,961,12
951,962,12
951,963,12
951,964,12
952,953,12
952,954,12
952,955,12
952,956,12
952,957,12
952,958,12
952,959,12
952,960,12
952,961,12
952,962,12
952,963,12
952,964,12
953,954,12
953,955,12
953,956,12
953,957,12
953,958,12
953,959,12
953,960,12
953,961,12
953,962,12
953,963,12
953,964,12
954,955,12
954,956,12
954,957,12
954,958,12
954,959,12
954,960,12
954,961,12
954,962,12
954,963,12
954,964,12
954,970,10
954,997,1
954,1034,3
954,1035,1
954,1036,2
954,1040,1
954,1065,1
954,1066,1
955,956,12
955,957,12
955,958,12
955,959,12
955,960,12
955,961,12
955,962,12
955,963,12
955,964,12
955,971,4
955,984,4
955,1147,1
955,1148,2
956,957,12
956,958,12
956,959,12
956,960,12
956,961,12
956,962,12
956,963,12
956,964,12
957,958,12
957,959,12
957,960,12
957,961,12
957,962,12
957,963,12
957,964,12
958,959,12
958,960,12
958,961,12
958,962,12
958,963,12
958,964,12
959,960,12
959,961,12
959,962,12
959,963,12
959,964,12
960,961,12
960,962,12
960,963,12
960,964,12
961,962,12
961,963,12
961,964,12
961,1018,2
962,963,12
962,964,12
963,964,12
965,966,12
965,967,12
965,968,12
965,969,12
965,970,12
965,971,12
965,983,5
965,984,4
965,1073,5
966,967,12
966,968,12
966,969,12
966,970,12
966,971,12
966,983,2
966,984,1
967,968,12
967,969,12
967,970,12
967,971,12
968,969,12
968,970,12
968,971,12
969,970,12
969,971,12
970,971,12
972,973,12
972,974,12
972,975,12
972,976,7
972,977,3
972,1040,3
973,974,12
973,975,12
973,977,9
974,975,12
975,977,8
976,977,12
976,978,12
977,978,12
979,980,12
979,981,12
979,982,12
979,983,1
980,981,12
980,982,12
980,983,1
980,984,2
980,1021,3
981,982,12
983,984,12
983,985,12
983,986,12
983,987,12
983,993,2
984,985,12
984,986,12
984,987,12
984,993,1
984,998,7
985,986,12
985,987,12
986,987,12
988,989,12
988,990,12
988,991,12
988,992,1
988,993,2
988,1003,2
988,1004,2
988,1013,1
988,1099,1
989,990,12
989,991,12
989,993,2
989,997,1
989,998,6
989,1004,1
989,1010,1
989,1012,6
989,1013,11
989,1019,1
990,991,12
992,993,12
992,994,12
992,995,12
992,996,12
992,1012,1
992,1013,1
993,994,12
993,995,12
993,996,12
993,997,2
994,995,12
994,996,12
995,996,12
997,998,12
997,999,12
997,1000,12
997,1001,12
997,1002,12
997,1012,1
997,1013,5
997,1017,1
998,999,12
998,1000,12
998,1001,12
998,1002,12
998,1004,4
998,1010,1
998,1012,3
998,1013,10
998,1019,1
999,1000,12
999,1001,12
999,1002,12
1000,1001,12
1000,1002,12
1001,1002,12
1003,1004,12
1003,1005,12
1003,1006,12
1003,1007,12
1004,1005,12
1004,1006,12
1004,1007,12
1005,1006,12
1005,1007,12
1006,1007,12
1008,1009,12
1008,1010,12
1008,1011,12
1009,1010,12
1009,1011,12
1010,1011,12
1012,1013,12
1012,1014,12
1012,1015,12
1012,1016,12
1012,1017,5
1012,1018,3
1012,1019,2
1012,1171,4
1013,1014,12
1013,1015,12
1013,1016,12
1013,1017,2
1013,1018,1
1013,1019,4
1013,1021,4
1013,1035,2
1013,1037,10
1013,1100,2
1013,1171,1
1013,1172,1
1014,1015,12
1014,1016,12
1015,1016,12
1017,1018,12
1017,1019,12
1017,1020,12
1017,1021,12
1017,1022,12
1017,1029,7
1017,1030,1
1018,1019,12
1018,1020,12
1018,1021,12
1018,1022,12
1018,1029,3
1018,1030,2
1018,1034,1
1018,1035,3
1018,1037,1
1018,1040,1
1018,1112,1
1019,1020,12
1019,1021,12
1019,1022,12
1019,1030,9
1019,1035,5
1019,1037,4
1020,1021,12
1020,1022,12
1021,1022,12
1021,1030,3
1023,1024,12
1023,1025,12
1023,1026,12
1023,1027,12
1023,1028,12
1024,1025,12
1024,1026,12
1024,1027,12
1024,1028,12
1025,1026,12
1025,1027,12
1025,1028,12
1026,1027,12
1026,1028,12
1027,1028,12
1029,1030,12
1029,1031,12
1029,1032,12
1029,1033,12
1029,1079,1
1030,1031,12
1030,1032,12
1030,1033,12
1030,1035,9
1031,1032,12
1031,1033,12
1032,1033,12
1034,1035,12
1034,1036,12
1034,1037,12
1034,1038,12
1034,1039,12
1034,1040,1
1034,1060,1
1034,1164,1
1034,1227,3
1035,1036,12
1035,1037,12
1035,1038,12
1035,1039,12
1036,1037,12
1036,1038,12
1036,1039,12
1036,1227,1
1037,1038,12
1037,1039,12
1037,1041,4
1038,1039,12
1040,1041,12
1040,1042,12
1040,1043,12
1040,1062,1
1040,1063,3
1040,1071,1
1040,1111,1
1040,1121,1
1040,1139,1
1040,1142,1
1041,1042,12
1041,1043,12
1041,1072,5
1042,1043,12
1044,1045,12
1044,1046,12
1044,1047,12
1044,1048,12
1044,1049,12
1045,1046,12
1045,1047,12
1045,1048,12
1045,1049,12
1046,1047,12
1046,1048,12
1046,1049,12
1047,1048,12
1047,1049,12
1047,1092,1
1048,1049,12
1050,1051,12
1052,1053,12
1052,1054,12
1052,1055,12
1052,1056,12
1052,1057,12
1052,1058,12
1052,1059,12
1052,1060,12
1052,1061,12
1053,1054,12
1053,1055,12
1053,1056,12
1053,1057,12
1053,1058,12
1053,1059,12
1053,1060,12
1053,1061,12
1054,1055,12
1054,1056,12
1054,1057,12
1054,1058,12
1054,1059,12
1054,1060,12
1054,1061,12
1055,1056,12
1055,1057,12
1055,1058,12
1055,1059,12
1055,1060,12
1055,1061,12
1056,1057,12
1056,1058,12
1056,1059,12
1056,1060,12
1056,1061,12
1056,1094,4
1057,1058,12
1057,1059,12
1057,1060,12
1057,1061,12
1057,1079,1
1057,1094,1
1058,1059,12
1058,1060,12
1058,1061,12
1059,1060,12
1059,1061,12
1060,1061,12
1060,1065,1
1060,1066,3
1062,1063,12
1062,1064,12
1062,1065,1
1062,1066,1
1062,1103,1
1063,1064,12
1065,1066,12
1065,1067,12
1065,1068,12
1065,1121,1
1066,1067,12
1066,1068,12
1066,1103,1
1066,1121,2
1066,1122,1
1067,1068,12
1069,1070,12
1069,1071,12
1069,1072,12
1069,1073,12
1070,1071,12
1070,1072,12
1070,1073,12
1071,1072,12
1071,1073,12
1072,1073,12
1074,1075,12
1074,1076,12
1074,1077,12
1075,1076,12
1075,1077,12
1076,1077,12
1078,1079,12
1078,1080,12
1078,1081,12
1078,1082,2
1078,1083,3
1078,1086,3
1078,1087,5
1079,1080,12
1079,1081,12
1079,1082,1
1079,1083,7
1079,1086,2
1079,1087,8
1080,1081,12
1082,1083,12
1082,1084,12
1082,1085,12
1082,1086,12
1082,1087,12
1083,1084,12
1083,1085,12
1083,1086,12
1083,1087,12
1084,1085,12
1084,1086,12
1084,1087,12
1085,1086,12
1085,1087,12
1086,1087,12
1088,1089,12
1088,1090,12
1088,1091,12
1089,1090,12
1089,1091,12
1090,1091,12
1092,1093,12
1092,1094,4
1092,1095,1
1092,1099,1
1092,1103,1
1092,1106,4
1092,1107,1
1092,1111,5
1092,1112,1
1093,1095,6
1093,1099,1
1093,1100,1
1093,1104,2
1093,1107,7
1093,1111,1
1093,1112,4
1093,1205,2
1093,1211,1
1094,1095,12
1094,1096,12
1094,1097,12
1094,1098,12
1094,1103,1
1094,1107,3
1094,1111,3
1094,1112,1
1094,1114,4
1094,1164,5
1094,1165,3
1095,1096,12
1095,1097,12
1095,1098,12
1095,1104,3
1095,1107,4
1095,1111,2
1095,1112,4
1095,1114,3
1095,1115,3
1095,1164,4
1095,1165,4
1096,1097,12
1096,1098,12
1097,1098,12
1099,1100,12
1099,1101,12
1099,1102,12
1099,1103,6
1099,1106,3
1099,1111,3
1099,1112,2
1099,1114,3
1099,1115,2
1100,1101,12
1100,1102,12
1100,1103,2
1100,1104,7
1100,1111,2
1100,1112,3
1100,1114,3
1100,1115,4
1101,1102,12
1103,1104,12
1103,1105,12
1103,1106,2
1103,1111,1
1104,1105,12
1104,1107,1
1104,1112,3
1106,1107,12
1106,1108,12
1106,1109,12
1106,1110,12
1106,1111,1
1106,1114,6
1106,1115,1
1106,1209,2
1106,1243,2
1107,1108,12
1107,1109,12
1107,1110,12
1107,1111,3
1107,1112,7
1107,1114,2
1107,1115,7
1107,1209,3
1107,1243,2
1108,1109,12
1108,1110,12
1109,1110,12
1111,1112,12
1111,1113,12
1111,1114,12
1111,1115,12
1111,1171,5
1111,1172,1
1112,1113,12
1112,1114,12
1112,1115,12
1112,1205,1
1113,1114,12
1113,1115,12
1114,1115,12
1115,1204,1
1115,1234,5
1116,1117,12
1116,1118,12
1116,1119,12
1116,1120,12
1117,1118,12
1117,1119,12
1117,1120,12
1118,1119,12
1118,1120,12
1119,1120,12
1121,1122,12
1121,1123,12
1121,1124,12
1122,1123,12
1122,1124,12
1123,1124,12
1125,1126,12
1125,1127,12
1125,1128,12
1126,1127,12
1126,1128,12
1127,1128,12
1129,1130,12
1129,1131,12
1129,1132,12
1129,1133,12
1130,1131,12
1130,1132,12
1130,1133,12
1131,1132,12
1131,1133,12
1132,1133,12
1134,1135,12
1134,1136,12
1134,1137,12
1134,1138,12
1135,1136,12
1135,1137,12
1135,1138,12
1136,1137,12
1136,1138,12
1137,1138,12
1139,1140,12
1139,1141,12
1139,1142,12
1140,1141,12
1140,1142,12
1141,1142,12
1143,1144,12
1143,1145,12
1143,1146,12
1144,1145,12
1144,1146,12
1145,1146,12
1147,1148,12
1147,1149,12
1147,1150,12
1147,1151,12
1148,1149,12
1148,1150,12
1148,1151,12
1149,1150,12
1149,1151,12
1150,1151,12
1152,1153,12
1152,1154,12
1152,1155,12
1153,1154,12
1153,1155,12
1154,1155,12
1156,1157,12
1156,1158,12
1156,1159,12
1157,1158,12
1157,1159,12
1158,1159,12
1160,1161,12
1160,1162,12
1160,1163,12
1161,1162,12
1161,1163,12
1162,1163,12
1164,1165,12
1164,1166,12
1165,1166,12
1167,1168,12
1167,1169,12
1167,1170,12
1168,1169,12
1168,1170,12
1169,1170,12
1171,1172,12
1171,1173,12
1172,1173,12
1174,1175,12
1174,1176,12
1174,1177,12
1174,1178,12
1174,1179,12
1174,1180,12
1175,1176,12
1175,1177,12
1175,1178,12
1175,1179,12
1175,1180,12
1176,1177,12
1176,1178,12
1176,1179,12
1176,1180,12
1177,1178,12
1177,1179,12
1177,1180,12
1178,1179,12
1178,1180,12
1179,1180,12
1181,1182,12
1181,1183,12
1182,1183,12
1184,1185,12
1184,1186,12
1184,1187,12
1184,1188,12
1185,1186,12
1185,1187,12
1185,1188,12
1186,1187,12
1186,1188,12
1187,1188,12
1189,1190,12
1189,1191,12
1190,1191,12
1192,1193,12
1192,1194,12
1192,1195,12
1192,1196,12
1192,1197,12
1193,1194,12
1193,1195,12
1193,1196,12
1193,1197,12
1194,1195,12
1194,1196,12
1194,1197,12
1195,1196,12
1195,1197,12
1196,1197,12
1198,1199,12
1198,1200,12
1198,1201,12
1198,1202,12
1198,1203,12
1199,1200,12
1199,1201,12
1199,1202,12
1199,1203,12
1200,1201,12
1200,1202,12
1200,1203,12
1201,1202,12
1201,1203,12
1202,1203,12
1204,1205,12
1204,1206,12
1204,1207,12
1205,1206,12
1205,1207,12
1206,1207,12
1208,1209,12
1210,1211,12
1210,1212,12
1211,1212,12
1213,1214,12
1213,1215,12
1213,1216,12
1214,1215,12
1214,1216,12
1215,1216,12
1217,1218,12
1219,1220,12
1219,1221,12
1220,1221,12
1222,1223,12
1222,1224,12
1222,1225,12
1222,1226,12
1223,1224,12
1223,1225,12
1223,1226,12
1224,1225,12
1224,1226,12
1225,1226,12
1227,1228,12
1227,1229,12
1228,1229,12
1230,1231,12
1230,1232,12
1230,1233,12
1231,1232,12
1231,1233,12
1232,1233,12
1234,1235,12
1236,1237,12
1236,1238,12
1237,1238,12
1239,1240,12
1239,1241,12
1239,1242,12
1240,1241,12
1240,1242,12
1241,1242,12
1243,1244,12
1243,1245,12
1243,1246,12
1243,1247,12
1243,1248,12
1244,1245,12
1244,1246,12
1244,1247,12
1244,1248,12
1245,1246,12
1245,1247,12
1245,1248,12
1246,1247,12
1246,1248,12
1247,1248,12
1249,1250,12
1249,1251,12
1249,1252,12
1250,1251,12
1250,1252,12
1251,1252,12
